frame,time_utc,direction(0=phone->earbuds;1=earbuds->phone),payload_hex
721,20:12:13.510,0x00,ff010000000a0300
724,20:12:13.707,0x01,ff040004000a830000040301
725,20:12:13.712,0x00,ff040000001d0001
726,20:12:13.797,0x01,ff04000b001d01010003010501010106020002
727,20:12:13.805,0x00,ff040005001d000d0700000004
728,20:12:13.808,0x00,ff040001001d000700
730,20:12:13.828,0x00,ff040001001d000703
732,20:12:13.849,0x00,ff040001001d000705
733,20:12:13.870,0x00,ff040001001d000701
735,20:12:13.891,0x00,ff040001001d000706
737,20:12:14.034,0x01,ff040000001d0107
739,20:12:14.045,0x00,ff040000001d0005
740,20:12:14.103,0x01,ff040000001d0107
741,20:12:14.104,0x01,ff040000001d0107
742,20:12:14.164,0x01,ff040001001d068000
743,20:12:14.166,0x01,ff040000001d0107
744,20:12:14.191,0x01,ff040001001d0a8000
745,20:12:14.194,0x01,ff040001001d0a8100
748,20:12:14.292,0x01,ff040000001d0107
749,20:12:14.323,0x01,ff040000001d0107
750,20:12:14.377,0x01,ff040005001d0105312e302e30
827,20:12:50.517,0x00,ff040001001d000700
828,20:12:50.519,0x00,ff040000001d0016
830,20:12:50.522,0x00,ff040000001d0014ff040000001d0015
831,20:12:50.527,0x00,ff040000001d0013
835,20:12:51.083,0x01,ff040000001d0107
836,20:12:51.115,0x01,ff040001001d008000
837,20:12:51.715,0x00,ff040000001d0013
843,20:13:10.690,0x00,ff040000001d0a02
846,20:13:11.057,0x01,ff040001001d0b0200
861,20:18:04.748,0x00,ff040001001d0a0301
866,20:18:05.202,0x01,ff040001001d0b0301
867,20:18:05.204,0x01,ff040001001d0a8101
876,20:18:26.733,0x00,ff040001001d0a0302
879,20:18:27.337,0x01,ff040001001d0b0301
880,20:18:27.338,0x01,ff040001001d0a8102
886,20:18:48.699,0x00,ff040001001d0a0300
889,20:18:49.219,0x01,ff040001001d0b0301
890,20:18:49.221,0x01,ff040001001d0a8100
