frame,epoch,direction(0=phone>buds;1=buds>phone),payload_hex,kind
767,1791408144.066529000,0x01,41542b425253463d3637310d,other
768,1791408144.069059000,0x00,0d0a2b425253463a20343037390d0a,other
769,1791408144.069719000,0x00,0d0a4f4b0d0a,other
778,1791408144.094503000,0x01,41542b4241433d312c320d,other
779,1791408144.095740000,0x00,0d0a4f4b0d0a,other
785,1791408144.162759000,0x01,41542b43494e443d3f0d,other
790,1791408144.168193000,0x00,0d0a2b43494e443a20282263616c6c222c28302c3129292c282263616c6c7365747570222c28302d3329292c282273657276696365222c28302d3129292c28227369676e616c222c28302d3529292c2822726f616d222c28302c3129292c282262617474636867222c28302d3529292c282263616c6c68656c64222c28302d3229290d0a,other
791,1791408144.169381000,0x00,0d0a4f4b0d0a,other
801,1791408144.234757000,0x01,41542b43494e443f0d,other
805,1791408144.238824000,0x00,0d0a2b43494e443a20302c302c302c302c302c352c300d0a,other
806,1791408144.239563000,0x00,0d0a4f4b0d0a,other
816,1791408144.261737000,0x01,41542b434d45523d332c302c302c310d,other
818,1791408144.263498000,0x00,0d0a4f4b0d0a,other
820,1791408144.273871000,0x01,41542b43484c443d3f0d,other
822,1791408144.275456000,0x00,0d0a2b43484c443a2028302c312c322c33290d0a,other
823,1791408144.275890000,0x00,0d0a4f4b0d0a,other
827,1791408144.295322000,0x01,41542b4e5245433d300d,other
828,1791408144.296192000,0x00,0d0a4f4b0d0a,other
834,1791408144.306427000,0x01,41542b434357413d310d,other
835,1791408144.307624000,0x00,0d0a4f4b0d0a,other
839,1791408144.319296000,0x01,41542b434c49503d310d,other
842,1791408144.322421000,0x00,0d0a4f4b0d0a,other
851,1791408144.346030000,0x01,41542b5841504c3d303030442d303030312d303130312c320d,other
857,1791408144.373935000,0x00,0d0a2b5841504c3d6950686f6e652c370d0a,other
859,1791408144.375314000,0x00,0d0a4f4b0d0a,other
869,1791408144.397063000,0x01,41542b4249413d312c312c302c302c302c302c310d,other
872,1791408144.397813000,0x01,41542b56474d3d390d,other
874,1791408144.398295000,0x00,0d0a4f4b0d0a,other
875,1791408144.398644000,0x00,0d0a4f4b0d0a,other
886,1791408144.475896000,0x01,41542b5647533d31350d,other
888,1791408144.477798000,0x00,0d0a4f4b0d0a,other
889,1791408144.477862000,0x01,41542b4950484f4e4541434345563d312c312c370d,other
890,1791408144.483625000,0x00,0d0a4f4b0d0a,other
996,1791408156.487885000,0x00,ff010000000a0300,spp
999,1791408156.554687000,0x01,ff040004000a830000040301,spp
1000,1791408156.571956000,0x00,ff040000001d0001,spp
1001,1791408156.614576000,0x01,ff04000b001d01010003010501010106020002,spp
1002,1791408156.625283000,0x00,ff040005001d000d0700000004,spp
1003,1791408156.627740000,0x00,ff040001001d000700,spp
1005,1791408156.652578000,0x00,ff040001001d000703,spp
1007,1791408156.674894000,0x00,ff040001001d000705,spp
1008,1791408156.700515000,0x00,ff040001001d000701,spp
1011,1791408156.724235000,0x00,ff040001001d000706,spp
1012,1791408156.787237000,0x01,ff040000001d0107,spp
1013,1791408156.795815000,0x01,ff040000001d0107,spp
1014,1791408156.801739000,0x00,ff040000001d0005,spp
1016,1791408156.865833000,0x01,ff040005001d0105312e302e30,spp
1017,1791408156.899665000,0x01,ff040000001d0107,spp
1018,1791408156.900560000,0x01,ff040001001d0a8000,spp
1019,1791408156.901811000,0x01,ff040001001d0a8100,spp
1020,1791408156.934633000,0x01,ff040000001d0107,spp
1021,1791408156.966848000,0x01,ff040000001d0107,spp
1023,1791408157.034402000,0x01,ff040005001d0105312e302e30,spp
1029,1791408164.228918000,0x00,ff040001001d000700,spp
1030,1791408164.230797000,0x00,ff040000001d0016,spp
1031,1791408164.233186000,0x00,ff040000001d0014ff040000001d0015,spp
1033,1791408164.235159000,0x00,ff040000001d0013,spp
1037,1791408164.663289000,0x01,ff040000001d0107,spp
1038,1791408164.664874000,0x01,ff040001001d008000,spp
1039,1791408165.426037000,0x00,ff040000001d0013,spp
1045,1791408173.815537000,0x00,ff040000001d0a02,spp
1048,1791408173.919960000,0x01,ff040001001d0b0200,spp
1050,1791408176.294314000,0x00,ff040001001d0a0301,spp
1052,1791408176.418428000,0x01,ff040001001d0b0301,spp
1053,1791408176.421225000,0x01,ff040001001d0a8101,spp
1059,1791408185.398067000,0x00,ff040000001d0a02,spp
1062,1791408185.679517000,0x01,ff040001001d0b0201,spp
1064,1791408187.146585000,0x00,ff040001001d0a0300,spp
1065,1791408187.232346000,0x01,ff040001001d0b0301,spp
1066,1791408187.233337000,0x01,ff040001001d0a8100,spp
1238,1791408258.997210000,0x01,41542b425253463d3637310d,other
1240,1791408259.001097000,0x00,0d0a2b425253463a20343037390d0a,other
1241,1791408259.001631000,0x00,0d0a4f4b0d0a,other
1249,1791408259.147515000,0x01,41542b4241433d312c320d,other
1253,1791408259.152774000,0x00,0d0a4f4b0d0a,other
1262,1791408259.208946000,0x01,41542b43494e443d3f0d,other
1264,1791408259.211426000,0x00,0d0a2b43494e443a20282263616c6c222c28302c3129292c282263616c6c7365747570222c28302d3329292c282273657276696365222c28302d3129292c28227369676e616c222c28302d3529292c2822726f616d222c28302c3129292c282262617474636867222c28302d3529292c282263616c6c68656c64222c28302d3229290d0a,other
1265,1791408259.212335000,0x00,0d0a4f4b0d0a,other
1273,1791408259.243963000,0x01,41542b43494e443f0d,other
1284,1791408259.265786000,0x00,0d0a2b43494e443a20302c302c302c302c302c352c300d0a,other
1285,1791408259.266373000,0x00,0d0a4f4b0d0a,other
1290,1791408259.288155000,0x01,41542b434d45523d332c302c302c310d,other
1291,1791408259.289060000,0x00,0d0a4f4b0d0a,other
1295,1791408259.303780000,0x01,41542b43484c443d3f0d,other
1296,1791408259.305193000,0x00,0d0a2b43484c443a2028302c312c322c33290d0a,other
1297,1791408259.305586000,0x00,0d0a4f4b0d0a,other
1303,1791408259.323887000,0x01,41542b4e5245433d300d,other
1305,1791408259.324828000,0x00,0d0a4f4b0d0a,other
1310,1791408259.335391000,0x01,41542b434357413d310d,other
1312,1791408259.336292000,0x00,0d0a4f4b0d0a,other
1320,1791408259.355556000,0x01,41542b434c49503d310d,other
1321,1791408259.356246000,0x00,0d0a4f4b0d0a,other
1328,1791408259.372391000,0x01,41542b5841504c3d303030442d303030312d303130312c320d,other
1342,1791408259.758626000,0x00,0d0a2b5841504c3d6950686f6e652c370d0a,other
1344,1791408259.760368000,0x00,0d0a4f4b0d0a,other
1352,1791408259.784739000,0x01,41542b4249413d312c312c302c302c302c302c310d,other
1353,1791408259.785755000,0x00,0d0a4f4b0d0a,other
1365,1791408259.863732000,0x01,41542b56474d3d390d,other
1367,1791408259.864784000,0x00,0d0a4f4b0d0a,other
1368,1791408259.995306000,0x01,41542b5647533d31350d,other
1369,1791408259.998108000,0x00,0d0a4f4b0d0a,other
1371,1791408260.013425000,0x01,41542b4950484f4e4541434345563d312c312c370d,other
1372,1791408260.031307000,0x00,0d0a4f4b0d0a,other
1550,1791408309.694818000,0x01,41542b425253463d3637310d,other
1551,1791408309.703817000,0x00,0d0a2b425253463a20343037390d0a,other
1552,1791408309.704932000,0x00,0d0a4f4b0d0a,other
1562,1791408309.883214000,0x01,41542b4241433d312c320d,other
1563,1791408309.886801000,0x00,0d0a4f4b0d0a,other
1572,1791408310.107189000,0x01,41542b43494e443d3f0d,other
1575,1791408310.111990000,0x00,0d0a2b43494e443a20282263616c6c222c28302c3129292c282263616c6c7365747570222c28302d3329292c282273657276696365222c28302d3129292c28227369676e616c222c28302d3529292c2822726f616d222c28302c3129292c282262617474636867222c28302d3529292c282263616c6c68656c64222c28302d3229290d0a,other
1576,1791408310.113333000,0x00,0d0a4f4b0d0a,other
1588,1791408310.260808000,0x01,41542b43494e443f0d,other
1589,1791408310.262671000,0x00,0d0a2b43494e443a20302c302c302c302c302c352c300d0a,other
1590,1791408310.263189000,0x00,0d0a4f4b0d0a,other
1609,1791408310.376677000,0x01,41542b434d45523d332c302c302c310d,other
1610,1791408310.377622000,0x00,0d0a4f4b0d0a,other
1613,1791408310.492291000,0x01,41542b43484c443d3f0d,other
1615,1791408310.493944000,0x00,0d0a2b43484c443a2028302c312c322c33290d0a,other
1616,1791408310.495089000,0x00,0d0a4f4b0d0a,other
1620,1791408310.585799000,0x01,41542b4e5245433d300d,other
1621,1791408310.588886000,0x00,0d0a4f4b0d0a,other
1627,1791408310.633332000,0x01,41542b434357413d310d,other
1628,1791408310.634296000,0x00,0d0a4f4b0d0a,other
1634,1791408310.685092000,0x01,41542b434c49503d310d,other
1635,1791408310.685847000,0x00,0d0a4f4b0d0a,other
1644,1791408310.801813000,0x01,41542b5841504c3d303030442d303030312d303130312c320d,other
1645,1791408310.808613000,0x00,0d0a2b5841504c3d6950686f6e652c370d0a,other
1646,1791408310.812627000,0x00,0d0a4f4b0d0a,other
1653,1791408310.978286000,0x01,41542b4249413d312c312c302c302c302c302c310d,other
1654,1791408310.979580000,0x00,0d0a4f4b0d0a,other
1656,1791408311.016955000,0x01,41542b56474d3d390d,other
1657,1791408311.018106000,0x00,0d0a4f4b0d0a,other
1662,1791408311.181812000,0x01,41542b5647533d31350d,other
1663,1791408311.182924000,0x00,0d0a4f4b0d0a,other
1667,1791408311.289374000,0x01,41542b4950484f4e4541434345563d312c312c370d,other
1668,1791408311.293497000,0x00,0d0a4f4b0d0a,other
1772,1791408357.699590000,0x00,ff010000000a0300,spp
1775,1791408357.845144000,0x01,ff040004000a830000040301,spp
1776,1791408357.850535000,0x00,ff040000001d0001,spp
1777,1791408357.935432000,0x01,ff04000b001d01010003010501010106020002,spp
1778,1791408357.948656000,0x00,ff040005001d000d0700000004,spp
1779,1791408357.952212000,0x00,ff040001001d000700,spp
1781,1791408357.966405000,0x00,ff040001001d000703,spp
1783,1791408357.988677000,0x00,ff040001001d000705,spp
1784,1791408358.010832000,0x00,ff040001001d000701,spp
1786,1791408358.031466000,0x00,ff040001001d000706,spp
1787,1791408358.041461000,0x01,ff040005001d010d0700000004,spp
1788,1791408358.052914000,0x00,ff040005001d000d0100010009,spp
1791,1791408358.186282000,0x01,ff040000001d0107,spp
1792,1791408358.197421000,0x00,ff040000001d0005,spp
1793,1791408358.227586000,0x01,ff040005001d010d0100000030,spp
1794,1791408358.233256000,0x00,ff040001001d000c04ff040001001d000c02,spp
1795,1791408358.236666000,0x00,ff040001001d000c03ff040001001d000c06,spp
1797,1791408358.306219000,0x01,ff040000001d0107,spp
1798,1791408358.319028000,0x01,ff040001001d0a8000,spp
1799,1791408358.321621000,0x01,ff040001001d0a8100,spp
1800,1791408358.353730000,0x01,ff040002001d01000301,spp
1801,1791408358.393780000,0x01,ff040005001d010c0400000352,spp
1803,1791408358.461316000,0x01,ff040005001d010c0200000030,spp
1805,1791408358.467547000,0x01,ff040005001d010c0300000640,spp
1806,1791408358.557856000,0x01,ff040005001d010d0100000030,spp
1807,1791408358.564965000,0x00,ff040001001d000c04,spp
1809,1791408358.572443000,0x00,ff040001001d000c02,spp
1810,1791408358.574737000,0x00,ff040001001d000c03ff040001001d000c06,spp
1811,1791408358.581032000,0x01,ff040005001d0105312e302e30,spp
1813,1791408358.663677000,0x01,ff040005001d010c0300000640,spp
1814,1791408358.761426000,0x01,ff040005001d010c0300000640,spp
1815,1791408358.821462000,0x01,ff040005001d010c0400000352,spp
1816,1791408358.827631000,0x01,ff040005001d010c0200000030,spp
1817,1791408358.861826000,0x01,ff040005001d010c0300000640,spp
1824,1791408376.094692000,0x00,ff040001001d000700,spp
1826,1791408376.096162000,0x00,ff040000001d0016,spp
1827,1791408376.098108000,0x00,ff040000001d0015ff040000001d0014,spp
1828,1791408376.100701000,0x00,ff040000001d0013,spp
1833,1791408376.302714000,0x01,ff040000001d0107,spp
1834,1791408376.324559000,0x01,ff040001001d008000,spp
1835,1791408377.298174000,0x00,ff040000001d0013,spp
1841,1791408446.588985000,0x00,ff040001001d000700,spp
1842,1791408446.591746000,0x00,ff040000001d0016,spp
1844,1791408446.597356000,0x00,ff040000001d0014,spp
1845,1791408446.601676000,0x00,ff040000001d0015ff040000001d0013,spp
1849,1791408446.958975000,0x01,ff040000001d0107,spp
1850,1791408446.960023000,0x01,ff040001001d008000,spp
1851,1791408447.788446000,0x00,ff040000001d0013,spp
1853,1791408449.575209000,0x00,ff040000001d0a02,spp
1855,1791408449.649492000,0x01,ff040001001d0b0200,spp
1867,1791408499.535824000,0x00,ff040001001d000700,spp
1868,1791408499.538644000,0x00,ff040000001d0016,spp
1869,1791408499.540549000,0x00,ff040000001d0014,spp
1871,1791408499.543074000,0x00,ff040000001d0015,spp
1872,1791408499.548294000,0x00,ff040000001d0013,spp
1877,1791408500.731123000,0x00,ff040000001d0013,spp
1879,1791408501.905338000,0x00,ff040000001d0a02,spp
1880,1791408501.966033000,0x01,ff040001001d0b0200,spp
1882,1791408504.265722000,0x00,ff040001001d0a0301,spp
1883,1791408504.376059000,0x01,ff040001001d0b0301,spp
1884,1791408504.377250000,0x01,ff040001001d0a8101,spp
1886,1791408508.264341000,0x00,ff040001001d0a0300,spp
1887,1791408508.362393000,0x01,ff040001001d0b0301,spp
1888,1791408508.368581000,0x01,ff040001001d0a8100,spp
1894,1791408548.076239000,0x00,ff040001001d0a0302,spp
1898,1791408548.377958000,0x01,ff040001001d0b0301,spp
1899,1791408548.410687000,0x01,ff040001001d0a8102,spp
1901,1791408551.815701000,0x00,ff040001001d0a0300,spp
1902,1791408551.923118000,0x01,ff040001001d0b0301,spp
1903,1791408551.924429000,0x01,ff040001001d0a8100,spp
1908,1791408656.989316000,0x01,41542b4950484f4e4541434345563d312c312c360d,other
1909,1791408657.003952000,0x00,0d0a4f4b0d0a,other
1911,1791408724.611440000,0x01,41542b4950484f4e4541434345563d312c312c370d,other
1912,1791408724.636856000,0x00,0d0a4f4b0d0a,other
1914,1791408727.551450000,0x01,41542b4950484f4e4541434345563d312c312c360d,other
1915,1791408727.567210000,0x00,0d0a4f4b0d0a,other
1918,1791408736.470936000,0x01,41542b425652413d310d,other
1923,1791408741.504862000,0x00,0d0a4f4b0d0a,other
1924,1791408741.505927000,0x00,0d0a2b425652413a20300d0a,other
2098,1791408939.286931000,0x01,41542b425253463d3637310d,other
2100,1791408939.289398000,0x00,0d0a2b425253463a20343037390d0a,other
2101,1791408939.290260000,0x00,0d0a4f4b0d0a,other
2110,1791408939.344394000,0x01,41542b4241433d312c320d,other
2111,1791408939.346320000,0x00,0d0a4f4b0d0a,other
2117,1791408939.369835000,0x01,41542b43494e443d3f0d,other
2123,1791408939.375431000,0x00,0d0a2b43494e443a20282263616c6c222c28302c3129292c282263616c6c7365747570222c28302d3329292c282273657276696365222c28302d3129292c28227369676e616c222c28302d3529292c2822726f616d222c28302c3129292c282262617474636867222c28302d3529292c282263616c6c68656c64222c28302d3229290d0a,other
2124,1791408939.376553000,0x00,0d0a4f4b0d0a,other
2133,1791408939.405094000,0x01,41542b43494e443f0d,other
2140,1791408939.418943000,0x00,0d0a2b43494e443a20302c302c302c302c302c352c300d0a,other
2141,1791408939.419695000,0x00,0d0a4f4b0d0a,other
2150,1791408939.454106000,0x01,41542b434d45523d332c302c302c310d,other
2152,1791408939.455406000,0x00,0d0a4f4b0d0a,other
2155,1791408939.465044000,0x01,41542b43484c443d3f0d,other
2156,1791408939.465714000,0x00,0d0a2b43484c443a2028302c312c322c33290d0a,other
2157,1791408939.465980000,0x00,0d0a4f4b0d0a,other
2162,1791408939.479812000,0x01,41542b4e5245433d300d,other
2163,1791408939.480399000,0x00,0d0a4f4b0d0a,other
2170,1791408939.506207000,0x01,41542b434357413d310d,other
2172,1791408939.507203000,0x00,0d0a4f4b0d0a,other
2180,1791408939.523665000,0x01,41542b434c49503d310d,other
2181,1791408939.524353000,0x00,0d0a4f4b0d0a,other
2188,1791408939.543852000,0x01,41542b5841504c3d303030442d303030312d303130312c320d,other
2197,1791408939.909658000,0x00,0d0a2b5841504c3d6950686f6e652c370d0a,other
2198,1791408939.911498000,0x00,0d0a4f4b0d0a,other
2212,1791408939.926196000,0x01,41542b4249413d312c312c302c302c302c302c310d,other
2215,1791408939.927167000,0x00,0d0a4f4b0d0a,other
2224,1791408939.945235000,0x01,41542b56474d3d390d,other
2228,1791408939.946641000,0x00,0d0a4f4b0d0a,other
2232,1791408939.948615000,0x01,41542b5647533d31350d,other
2233,1791408939.949445000,0x00,0d0a4f4b0d0a,other
2236,1791408939.966559000,0x01,41542b4950484f4e4541434345563d312c312c370d,other
2237,1791408939.981004000,0x00,0d0a4f4b0d0a,other
2301,1791408941.625659000,0x00,ff010000000a0300,spp
2304,1791408941.662689000,0x01,ff040004000a830000040301,spp
2305,1791408941.671435000,0x00,ff040000001d0001,spp
2306,1791408941.713369000,0x01,ff04000b001d01010003010501010106020002,spp
2307,1791408941.717395000,0x00,ff040005001d000d0700000004,spp
2308,1791408941.720002000,0x00,ff040001001d000700,spp
2310,1791408941.740468000,0x00,ff040001001d000703,spp
2311,1791408941.741285000,0x01,ff040005001d010d0700000004,spp
2312,1791408941.742786000,0x01,ff040000001d0107,spp
2313,1791408941.744212000,0x01,ff040001001d008000,spp
2315,1791408941.765801000,0x00,ff040001001d000705,spp
2316,1791408941.770111000,0x01,ff040000001d0107,spp
2317,1791408941.771274000,0x01,ff040001001d068000,spp
2319,1791408941.782338000,0x01,ff040000001d0107,spp
2320,1791408941.785919000,0x00,ff040001001d000701,spp
2321,1791408941.785939000,0x01,ff040001001d0a8000,spp
2322,1791408941.786558000,0x01,ff040001001d0a8100,spp
2326,1791408941.809536000,0x00,ff040001001d000706,spp
2327,1791408941.814560000,0x01,ff040000001d0107,spp
2328,1791408941.825148000,0x01,ff040000001d0107,spp
2329,1791408941.834620000,0x00,ff040005001d000d0100010009,spp
2330,1791408941.839482000,0x00,ff040000001d0005,spp
2332,1791408941.903960000,0x01,ff040005001d010d0100000030,spp
2333,1791408941.905947000,0x01,ff040005001d0105312e302e30,spp
2334,1791408941.908212000,0x00,ff040001001d000c04,spp
2335,1791408941.912298000,0x00,ff040001001d000c02,spp
2337,1791408941.914083000,0x00,ff040001001d000c03,spp
2338,1791408941.915793000,0x00,ff040001001d000c06,spp
2340,1791408942.041165000,0x01,ff040005001d010c0400000352,spp
2341,1791408942.042497000,0x01,ff040005001d010c0200000030,spp
2343,1791408942.081365000,0x01,ff040005001d010c0300000640,spp
2354,1791408962.452641000,0x01,41542b4950484f4e4541434345563d312c312c380d,other
2355,1791408962.478367000,0x00,0d0a4f4b0d0a,other
2366,1791408977.457718000,0x01,41542b4950484f4e4541434345563d312c312c370d,other
2367,1791408977.472917000,0x00,0d0a4f4b0d0a,other
2371,1791409072.515753000,0x01,41542b4950484f4e4541434345563d312c312c380d,other
2372,1791409072.529926000,0x00,0d0a4f4b0d0a,other
